strike,importance,type,label,dte,description,call_res_all,put_sup_all
25625,10,gamma_wall_call,Gamma Wall (Call),1DTE,90 GEX,-86.61,845.3199999999999
25700,10,gamma_wall_put,Gamma Wall (Put),1DTE,594 GEX,-86.61,845.3199999999999
25725,8,call_wall,Call Wall #2,1DTE,57 GEX,-86.61,845.3199999999999
25540,8,call_wall,Call Wall #3,1DTE,30 GEX,-86.61,845.3199999999999
25450,8,call_wall,Call Wall #4,1DTE,28 GEX,-86.61,845.3199999999999
25600,8,put_wall,Put Wall #2,1DTE,373 GEX,-86.61,845.3199999999999
25800,8,put_wall,Put Wall #3,1DTE,274 GEX,-86.61,845.3199999999999
25620,8,put_wall,Put Wall #4,1DTE,157 GEX,-86.61,845.3199999999999
25190,8,max_pain,Max Pain,1DTE,Expiration Target,-86.61,845.3199999999999
