strike,importance,type,label,dte,description,call_res_all,put_sup_all
25700,10,gamma_wall_call,Gamma Wall (Call),1DTE,594 GEX,1202.2099999999996,358.38000000000005
25625,10,gamma_wall_put,Gamma Wall (Put),1DTE,90 GEX,1202.2099999999996,358.38000000000005
25600,8,call_wall,Call Wall #2,1DTE,373 GEX,1202.2099999999996,358.38000000000005
25800,8,call_wall,Call Wall #3,1DTE,274 GEX,1202.2099999999996,358.38000000000005
25620,8,call_wall,Call Wall #4,1DTE,157 GEX,1202.2099999999996,358.38000000000005
25725,8,put_wall,Put Wall #2,1DTE,57 GEX,1202.2099999999996,358.38000000000005
25540,8,put_wall,Put Wall #3,1DTE,30 GEX,1202.2099999999996,358.38000000000005
25450,8,put_wall,Put Wall #4,1DTE,28 GEX,1202.2099999999996,358.38000000000005
25190,8,max_pain,Max Pain,1DTE,Expiration Target,1202.2099999999996,358.38000000000005
